Recheck Date,Recheck Time,Original Date,Comment ID,Comment Account,Target Video URL,Target Creator,Recheck Result,Evidence ID,Matched Reply Count,Matched Reply Owner Type,Verification Timepoint,Import Batch ID
2026-07-21,12:00,2026-07-20,IC-0001,Account Slot 1,https://video.invalid/case/V0001,creator_case_001,Missing,EVD-SYN-0001-24H,0,None,24h,BATCH-VERIFY-24H
2026-07-21,12:00,2026-07-20,IC-0002,Account Slot 2,https://video.invalid/case/V0002,creator_case_002,Visible,EVD-SYN-0002-24H,0,None,24h,BATCH-VERIFY-24H
2026-07-21,12:00,2026-07-20,IC-0003,Account Slot 3,https://video.invalid/case/V0003,creator_case_003,Visible,EVD-SYN-0003-24H,0,None,24h,BATCH-VERIFY-24H
2026-07-21,12:00,2026-07-20,IC-0004,Account Slot 4,https://video.invalid/case/V0004,creator_case_004,Visible,EVD-SYN-0004-24H,0,None,24h,BATCH-VERIFY-24H
2026-07-21,12:00,2026-07-20,IC-0005,Account Slot 5,https://video.invalid/case/V0005,creator_case_005,Visible,EVD-SYN-0005-24H,0,None,24h,BATCH-VERIFY-24H
2026-07-21,12:00,2026-07-20,IC-0006,Account Slot 6,https://video.invalid/case/V0006,creator_case_006,Missing,EVD-SYN-0006-24H,0,None,24h,BATCH-VERIFY-24H
2026-07-21,12:00,2026-07-20,IC-0007,Account Slot 7,https://video.invalid/case/V0007,creator_case_007,Visible,EVD-SYN-0007-24H,0,None,24h,BATCH-VERIFY-24H
2026-07-21,12:00,2026-07-20,IC-0008,Account Slot 8,https://video.invalid/case/V0008,creator_case_008,Visible,EVD-SYN-0008-24H,1,User,24h,BATCH-VERIFY-24H
2026-07-21,12:00,2026-07-20,IC-0009,Account Slot 9,https://video.invalid/case/V0009,creator_case_009,Visible,EVD-SYN-0009-24H,0,None,24h,BATCH-VERIFY-24H
2026-07-21,12:00,2026-07-20,IC-0010,Account Slot 10,https://video.invalid/case/V0010,creator_case_010,Visible,EVD-SYN-0010-24H,0,None,24h,BATCH-VERIFY-24H
2026-07-21,12:00,2026-07-20,IC-0011,Account Slot 1,https://video.invalid/case/V0011,creator_case_011,Missing,EVD-SYN-0011-24H,0,None,24h,BATCH-VERIFY-24H
2026-07-21,12:00,2026-07-20,IC-0012,Account Slot 2,https://video.invalid/case/V0012,creator_case_012,Visible,EVD-SYN-0012-24H,1,Creator,24h,BATCH-VERIFY-24H
2026-07-21,12:00,2026-07-20,IC-0013,Account Slot 3,https://video.invalid/case/V0013,creator_case_013,Visible,EVD-SYN-0013-24H,0,None,24h,BATCH-VERIFY-24H
2026-07-21,12:00,2026-07-20,IC-0014,Account Slot 4,https://video.invalid/case/V0014,creator_case_014,Visible,EVD-SYN-0014-24H,2,Mixed,24h,BATCH-VERIFY-24H
2026-07-21,12:00,2026-07-20,IC-0015,Account Slot 5,https://video.invalid/case/V0015,creator_case_015,Visible,EVD-SYN-0015-24H,1,User,24h,BATCH-VERIFY-24H
2026-07-21,12:00,2026-07-20,IC-0016,Account Slot 6,https://video.invalid/case/V0016,creator_case_016,Missing,EVD-SYN-0016-24H,0,None,24h,BATCH-VERIFY-24H
2026-07-21,12:00,2026-07-20,IC-0017,Account Slot 7,https://video.invalid/case/V0017,creator_case_017,Visible,EVD-SYN-0017-24H,0,None,24h,BATCH-VERIFY-24H
2026-07-21,12:00,2026-07-20,IC-0018,Account Slot 8,https://video.invalid/case/V0018,creator_case_018,Visible,EVD-SYN-0018-24H,0,None,24h,BATCH-VERIFY-24H
2026-07-21,12:00,2026-07-20,IC-0019,Account Slot 9,https://video.invalid/case/V0019,creator_case_019,Visible,EVD-SYN-0019-24H,0,None,24h,BATCH-VERIFY-24H
2026-07-21,12:00,2026-07-20,IC-0020,Account Slot 10,https://video.invalid/case/V0020,creator_case_020,Visible,EVD-SYN-0020-24H,0,None,24h,BATCH-VERIFY-24H
2026-07-21,12:00,2026-07-20,IC-0021,Account Slot 1,https://video.invalid/case/V0021,creator_case_021,Missing,EVD-SYN-0021-24H,0,None,24h,BATCH-VERIFY-24H
2026-07-21,12:00,2026-07-20,IC-0022,Account Slot 2,https://video.invalid/case/V0022,creator_case_022,Visible,EVD-SYN-0022-24H,1,User,24h,BATCH-VERIFY-24H
2026-07-21,12:00,2026-07-20,IC-0023,Account Slot 3,https://video.invalid/case/V0023,creator_case_023,Visible,EVD-SYN-0023-24H,1,Creator,24h,BATCH-VERIFY-24H
2026-07-21,12:00,2026-07-20,IC-0024,Account Slot 4,https://video.invalid/case/V0024,creator_case_024,Visible,EVD-SYN-0024-24H,0,None,24h,BATCH-VERIFY-24H
2026-07-21,12:00,2026-07-20,IC-0025,Account Slot 5,https://video.invalid/case/V0025,creator_case_025,Visible,EVD-SYN-0025-24H,0,None,24h,BATCH-VERIFY-24H
2026-07-22,12:00,2026-07-21,IC-0026,Account Slot 6,https://video.invalid/case/V0026,creator_case_026,Missing,EVD-SYN-0026-24H,0,None,24h,BATCH-VERIFY-24H
2026-07-22,12:00,2026-07-21,IC-0027,Account Slot 7,https://video.invalid/case/V0027,creator_case_027,Visible,EVD-SYN-0027-24H,2,Mixed,24h,BATCH-VERIFY-24H
2026-07-22,12:00,2026-07-21,IC-0028,Account Slot 8,https://video.invalid/case/V0028,creator_case_028,Visible,EVD-SYN-0028-24H,0,None,24h,BATCH-VERIFY-24H
2026-07-22,12:00,2026-07-21,IC-0029,Account Slot 9,https://video.invalid/case/V0029,creator_case_029,Visible,EVD-SYN-0029-24H,1,User,24h,BATCH-VERIFY-24H
2026-07-22,12:00,2026-07-21,IC-0030,Account Slot 10,https://video.invalid/case/V0030,creator_case_030,Visible,EVD-SYN-0030-24H,0,None,24h,BATCH-VERIFY-24H
2026-07-22,12:00,2026-07-21,IC-0031,Account Slot 1,https://video.invalid/case/V0031,creator_case_031,Missing,EVD-SYN-0031-24H,0,None,24h,BATCH-VERIFY-24H
2026-07-22,12:00,2026-07-21,IC-0032,Account Slot 2,https://video.invalid/case/V0032,creator_case_032,Visible,EVD-SYN-0032-24H,0,None,24h,BATCH-VERIFY-24H
2026-07-22,12:00,2026-07-21,IC-0033,Account Slot 3,https://video.invalid/case/V0033,creator_case_033,Visible,EVD-SYN-0033-24H,0,None,24h,BATCH-VERIFY-24H
2026-07-22,12:00,2026-07-21,IC-0034,Account Slot 4,https://video.invalid/case/V0034,creator_case_034,Visible,EVD-SYN-0034-24H,1,Creator,24h,BATCH-VERIFY-24H
2026-07-22,12:00,2026-07-21,IC-0035,Account Slot 5,https://video.invalid/case/V0035,creator_case_035,Visible,EVD-SYN-0035-24H,0,None,24h,BATCH-VERIFY-24H
2026-07-22,12:00,2026-07-21,IC-0036,Account Slot 6,https://video.invalid/case/V0036,creator_case_036,Missing,EVD-SYN-0036-24H,0,None,24h,BATCH-VERIFY-24H
2026-07-22,12:00,2026-07-21,IC-0037,Account Slot 7,https://video.invalid/case/V0037,creator_case_037,Visible,EVD-SYN-0037-24H,0,None,24h,BATCH-VERIFY-24H
2026-07-22,12:00,2026-07-21,IC-0038,Account Slot 8,https://video.invalid/case/V0038,creator_case_038,Visible,EVD-SYN-0038-24H,0,None,24h,BATCH-VERIFY-24H
2026-07-22,12:00,2026-07-21,IC-0039,Account Slot 9,https://video.invalid/case/V0039,creator_case_039,Visible,EVD-SYN-0039-24H,0,None,24h,BATCH-VERIFY-24H
2026-07-22,12:00,2026-07-21,IC-0040,Account Slot 10,https://video.invalid/case/V0040,creator_case_040,Visible,EVD-SYN-0040-24H,2,Mixed,24h,BATCH-VERIFY-24H
2026-07-22,12:00,2026-07-21,IC-0041,Account Slot 1,https://video.invalid/case/V0041,creator_case_041,Missing,EVD-SYN-0041-24H,0,None,24h,BATCH-VERIFY-24H
2026-07-22,12:00,2026-07-21,IC-0042,Account Slot 2,https://video.invalid/case/V0042,creator_case_042,Visible,EVD-SYN-0042-24H,0,None,24h,BATCH-VERIFY-24H
2026-07-22,12:00,2026-07-21,IC-0043,Account Slot 3,https://video.invalid/case/V0043,creator_case_043,Visible,EVD-SYN-0043-24H,1,User,24h,BATCH-VERIFY-24H
2026-07-22,12:00,2026-07-21,IC-0044,Account Slot 4,https://video.invalid/case/V0044,creator_case_044,Visible,EVD-SYN-0044-24H,0,None,24h,BATCH-VERIFY-24H
2026-07-22,12:00,2026-07-21,IC-0045,Account Slot 5,https://video.invalid/case/V0045,creator_case_045,Visible,EVD-SYN-0045-24H,1,Creator,24h,BATCH-VERIFY-24H
2026-07-22,12:00,2026-07-21,IC-0046,Account Slot 6,https://video.invalid/case/V0046,creator_case_046,Missing,EVD-SYN-0046-24H,0,None,24h,BATCH-VERIFY-24H
2026-07-22,12:00,2026-07-21,IC-0047,Account Slot 7,https://video.invalid/case/V0047,creator_case_047,Visible,EVD-SYN-0047-24H,0,None,24h,BATCH-VERIFY-24H
2026-07-22,12:00,2026-07-21,IC-0048,Account Slot 8,https://video.invalid/case/V0048,creator_case_048,Visible,EVD-SYN-0048-24H,0,None,24h,BATCH-VERIFY-24H
2026-07-22,12:00,2026-07-21,IC-0049,Account Slot 9,https://video.invalid/case/V0049,creator_case_049,Visible,EVD-SYN-0049-24H,0,None,24h,BATCH-VERIFY-24H
2026-07-22,12:00,2026-07-21,IC-0050,Account Slot 10,https://video.invalid/case/V0050,creator_case_050,Visible,EVD-SYN-0050-24H,1,User,24h,BATCH-VERIFY-24H
2026-07-23,12:00,2026-07-22,IC-0051,Account Slot 1,https://video.invalid/case/V0051,creator_case_051,Missing,EVD-SYN-0051-24H,0,None,24h,BATCH-VERIFY-24H
2026-07-23,12:00,2026-07-22,IC-0052,Account Slot 2,https://video.invalid/case/V0052,creator_case_052,Visible,EVD-SYN-0052-24H,0,None,24h,BATCH-VERIFY-24H
2026-07-23,12:00,2026-07-22,IC-0053,Account Slot 3,https://video.invalid/case/V0053,creator_case_053,Visible,EVD-SYN-0053-24H,2,Mixed,24h,BATCH-VERIFY-24H
2026-07-23,12:00,2026-07-22,IC-0054,Account Slot 4,https://video.invalid/case/V0054,creator_case_054,Visible,EVD-SYN-0054-24H,0,None,24h,BATCH-VERIFY-24H
2026-07-23,12:00,2026-07-22,IC-0055,Account Slot 5,https://video.invalid/case/V0055,creator_case_055,Visible,EVD-SYN-0055-24H,0,None,24h,BATCH-VERIFY-24H
2026-07-23,12:00,2026-07-22,IC-0056,Account Slot 6,https://video.invalid/case/V0056,creator_case_056,Missing,EVD-SYN-0056-24H,0,None,24h,BATCH-VERIFY-24H
2026-07-23,12:00,2026-07-22,IC-0057,Account Slot 7,https://video.invalid/case/V0057,creator_case_057,Visible,EVD-SYN-0057-24H,1,User,24h,BATCH-VERIFY-24H
2026-07-23,12:00,2026-07-22,IC-0058,Account Slot 8,https://video.invalid/case/V0058,creator_case_058,Visible,EVD-SYN-0058-24H,0,None,24h,BATCH-VERIFY-24H
2026-07-23,12:00,2026-07-22,IC-0059,Account Slot 9,https://video.invalid/case/V0059,creator_case_059,Visible,EVD-SYN-0059-24H,0,None,24h,BATCH-VERIFY-24H
2026-07-23,12:00,2026-07-22,IC-0060,Account Slot 10,https://video.invalid/case/V0060,creator_case_060,Visible,EVD-SYN-0060-24H,1,Creator,24h,BATCH-VERIFY-24H
2026-07-23,12:00,2026-07-22,IC-0061,Account Slot 1,https://video.invalid/case/V0061,creator_case_061,Missing,EVD-SYN-0061-24H,0,None,24h,BATCH-VERIFY-24H
2026-07-23,12:00,2026-07-22,IC-0062,Account Slot 2,https://video.invalid/case/V0062,creator_case_062,Visible,EVD-SYN-0062-24H,0,None,24h,BATCH-VERIFY-24H
2026-07-23,12:00,2026-07-22,IC-0063,Account Slot 3,https://video.invalid/case/V0063,creator_case_063,Visible,EVD-SYN-0063-24H,0,None,24h,BATCH-VERIFY-24H
2026-07-23,12:00,2026-07-22,IC-0064,Account Slot 4,https://video.invalid/case/V0064,creator_case_064,Visible,EVD-SYN-0064-24H,1,User,24h,BATCH-VERIFY-24H
2026-07-23,12:00,2026-07-22,IC-0065,Account Slot 5,https://video.invalid/case/V0065,creator_case_065,Visible,EVD-SYN-0065-24H,0,None,24h,BATCH-VERIFY-24H
2026-07-23,12:00,2026-07-22,IC-0066,Account Slot 6,https://video.invalid/case/V0066,creator_case_066,Missing,EVD-SYN-0066-24H,0,None,24h,BATCH-VERIFY-24H
2026-07-23,12:00,2026-07-22,IC-0067,Account Slot 7,https://video.invalid/case/V0067,creator_case_067,Visible,EVD-SYN-0067-24H,1,Creator,24h,BATCH-VERIFY-24H
2026-07-23,12:00,2026-07-22,IC-0068,Account Slot 8,https://video.invalid/case/V0068,creator_case_068,Visible,EVD-SYN-0068-24H,0,None,24h,BATCH-VERIFY-24H
2026-07-23,12:00,2026-07-22,IC-0069,Account Slot 9,https://video.invalid/case/V0069,creator_case_069,Visible,EVD-SYN-0069-24H,0,None,24h,BATCH-VERIFY-24H
2026-07-23,12:00,2026-07-22,IC-0070,Account Slot 10,https://video.invalid/case/V0070,creator_case_070,Visible,EVD-SYN-0070-24H,0,None,24h,BATCH-VERIFY-24H
2026-07-23,12:00,2026-07-22,IC-0071,Account Slot 1,https://video.invalid/case/V0071,creator_case_071,Missing,EVD-SYN-0071-24H,0,None,24h,BATCH-VERIFY-24H
2026-07-23,12:00,2026-07-22,IC-0072,Account Slot 2,https://video.invalid/case/V0072,creator_case_072,Visible,EVD-SYN-0072-24H,0,None,24h,BATCH-VERIFY-24H
2026-07-23,12:00,2026-07-22,IC-0073,Account Slot 3,https://video.invalid/case/V0073,creator_case_073,Inconclusive,EVD-SYN-0073-24H,0,None,24h,BATCH-VERIFY-24H
2026-07-23,12:00,2026-07-22,IC-0074,Account Slot 4,https://video.invalid/case/V0074,creator_case_074,Visible,EVD-SYN-0074-24H,0,None,24h,BATCH-VERIFY-24H
2026-07-23,12:00,2026-07-22,IC-0075,Account Slot 5,https://video.invalid/case/V0075,creator_case_075,Visible,EVD-SYN-0075-24H,0,None,24h,BATCH-VERIFY-24H
2026-07-24,12:00,2026-07-23,IC-0076,Account Slot 6,https://video.invalid/case/V0076,creator_case_076,Missing,EVD-SYN-0076-24H,0,None,24h,BATCH-VERIFY-24H
2026-07-24,12:00,2026-07-23,IC-0077,Account Slot 7,https://video.invalid/case/V0077,creator_case_077,Visible,EVD-SYN-0077-24H,0,None,24h,BATCH-VERIFY-24H
2026-07-24,12:00,2026-07-23,IC-0078,Account Slot 8,https://video.invalid/case/V0078,creator_case_078,Visible,EVD-SYN-0078-24H,1,User,24h,BATCH-VERIFY-24H
2026-07-24,12:00,2026-07-23,IC-0079,Account Slot 9,https://video.invalid/case/V0079,creator_case_079,Visible,EVD-SYN-0079-24H,2,Mixed,24h,BATCH-VERIFY-24H
2026-07-24,12:00,2026-07-23,IC-0080,Account Slot 10,https://video.invalid/case/V0080,creator_case_080,Visible,EVD-SYN-0080-24H,0,None,24h,BATCH-VERIFY-24H
2026-07-24,12:00,2026-07-23,IC-0081,Account Slot 1,https://video.invalid/case/V0081,creator_case_081,Missing,EVD-SYN-0081-24H,0,None,24h,BATCH-VERIFY-24H
2026-07-24,12:00,2026-07-23,IC-0082,Account Slot 2,https://video.invalid/case/V0082,creator_case_082,Visible,EVD-SYN-0082-24H,0,None,24h,BATCH-VERIFY-24H
2026-07-24,12:00,2026-07-23,IC-0083,Account Slot 3,https://video.invalid/case/V0083,creator_case_083,Visible,EVD-SYN-0083-24H,0,None,24h,BATCH-VERIFY-24H
2026-07-24,12:00,2026-07-23,IC-0084,Account Slot 4,https://video.invalid/case/V0084,creator_case_084,Visible,EVD-SYN-0084-24H,0,None,24h,BATCH-VERIFY-24H
2026-07-24,12:00,2026-07-23,IC-0085,Account Slot 5,https://video.invalid/case/V0085,creator_case_085,Visible,EVD-SYN-0085-24H,1,User,24h,BATCH-VERIFY-24H
2026-07-24,12:00,2026-07-23,IC-0086,Account Slot 6,https://video.invalid/case/V0086,creator_case_086,Missing,EVD-SYN-0086-24H,0,None,24h,BATCH-VERIFY-24H
2026-07-24,12:00,2026-07-23,IC-0087,Account Slot 7,https://video.invalid/case/V0087,creator_case_087,Visible,EVD-SYN-0087-24H,0,None,24h,BATCH-VERIFY-24H
2026-07-24,12:00,2026-07-23,IC-0088,Account Slot 8,https://video.invalid/case/V0088,creator_case_088,Visible,EVD-SYN-0088-24H,2,Mixed,24h,BATCH-VERIFY-24H
2026-07-24,12:00,2026-07-23,IC-0089,Account Slot 9,https://video.invalid/case/V0089,creator_case_089,Visible,EVD-SYN-0089-24H,1,Creator,24h,BATCH-VERIFY-24H
2026-07-24,12:00,2026-07-23,IC-0090,Account Slot 10,https://video.invalid/case/V0090,creator_case_090,Visible,EVD-SYN-0090-24H,0,None,24h,BATCH-VERIFY-24H
2026-07-24,12:00,2026-07-23,IC-0091,Account Slot 1,https://video.invalid/case/V0091,creator_case_091,Missing,EVD-SYN-0091-24H,0,None,24h,BATCH-VERIFY-24H
2026-07-24,12:00,2026-07-23,IC-0092,Account Slot 2,https://video.invalid/case/V0092,creator_case_092,Visible,EVD-SYN-0092-24H,2,Mixed,24h,BATCH-VERIFY-24H
2026-07-24,12:00,2026-07-23,IC-0093,Account Slot 3,https://video.invalid/case/V0093,creator_case_093,Visible,EVD-SYN-0093-24H,0,None,24h,BATCH-VERIFY-24H
2026-07-24,12:00,2026-07-23,IC-0094,Account Slot 4,https://video.invalid/case/V0094,creator_case_094,Visible,EVD-SYN-0094-24H,0,None,24h,BATCH-VERIFY-24H
2026-07-24,12:00,2026-07-23,IC-0095,Account Slot 5,https://video.invalid/case/V0095,creator_case_095,Missing,EVD-SYN-0095-24H,0,None,24h,BATCH-VERIFY-24H
2026-07-24,12:00,2026-07-23,IC-0096,Account Slot 6,https://video.invalid/case/V0096,creator_case_096,Missing,EVD-SYN-0096-24H,0,None,24h,BATCH-VERIFY-24H
2026-07-24,12:00,2026-07-23,IC-0097,Account Slot 7,https://video.invalid/case/V0097,creator_case_097,Visible,EVD-SYN-0097-24H,0,None,24h,BATCH-VERIFY-24H
2026-07-24,12:00,2026-07-23,IC-0098,Account Slot 8,https://video.invalid/case/V0098,creator_case_098,Visible,EVD-SYN-0098-24H,0,None,24h,BATCH-VERIFY-24H
2026-07-24,12:00,2026-07-23,IC-0099,Account Slot 9,https://video.invalid/case/V0099,creator_case_099,Visible,EVD-SYN-0099-24H,1,User,24h,BATCH-VERIFY-24H
2026-07-24,12:00,2026-07-23,IC-0100,Account Slot 10,https://video.invalid/case/V0100,creator_case_100,Visible,EVD-SYN-0100-24H,1,Creator,24h,BATCH-VERIFY-24H
